Key,english
kaijuOxygenDestroyerPart1,"Oxygen Destroyer: Detonator"
kaijuOxygenDestroyerPart1Desc,"Part 1 of 5 of the Oxygen Destroyer, from the military site by Cedar Harbor. Combine all five at a workbench."
kaijuOxygenDestroyerPart2,"Oxygen Destroyer: Valve Assembly"
kaijuOxygenDestroyerPart2Desc,"Part 2 of 5 of the Oxygen Destroyer, from the military site by Cinder Bay. Combine all five at a workbench."
kaijuOxygenDestroyerPart3,"Oxygen Destroyer: Reaction Chamber"
kaijuOxygenDestroyerPart3Desc,"Part 3 of 5 of the Oxygen Destroyer, from the military site by Dune Point. Combine all five at a workbench."
kaijuOxygenDestroyerPart4,"Oxygen Destroyer: Trigger Spring"
kaijuOxygenDestroyerPart4Desc,"Part 4 of 5 of the Oxygen Destroyer, from the military site by Frostport. Combine all five at a workbench."
kaijuOxygenDestroyerPart5,"Oxygen Destroyer: Oxygen Core"
kaijuOxygenDestroyerPart5Desc,"Part 5 of 5 of the Oxygen Destroyer, from the military site by Ashmouth. Combine all five at a workbench."
kaijuPartCrate1,"Oxygen Destroyer Crate"
kaijuPartCrate2,"Oxygen Destroyer Crate"
kaijuPartCrate3,"Oxygen Destroyer Crate"
kaijuPartCrate4,"Oxygen Destroyer Crate"
kaijuPartCrate5,"Oxygen Destroyer Crate"
kaijuPartCrateDesc,"Holds a part of the Oxygen Destroyer."
kaijuOxygenDestroyer,"Oxygen Destroyer"
kaijuOxygenDestroyerDesc,"Place it in Ashmouth or on the shore in front of it, where he comes out of the sea, and arm it. If Godzilla comes within 100 m of it, he dies."
blockcommand_arm,"Arm"
blockcommand_disarm,"Disarm"
noteDuke01Desc,"We must find a way to stop Godzilla! Head east along the road through the forest. The army had a post outside Cedar Harbor, at the far end of it. If anything can help us, it's there.\n\nThe Duke"
kaijuPartNote,"Army Field Note"
kaijuPartNote1Desc,"Part one of the Oxygen Destroyer, recovered. Unit two pulled back with the next part: go north through the mountain pass beside Cedar Harbor into the burnt forest, then follow the road west to Cinder Bay on the coast. Their post is just outside the city."
kaijuPartNote2Desc,"Part two recovered. The desert unit has the third part: north through the pass beside Cinder Bay, then east along the road to Dune Point. Look for the army post outside the city."
kaijuPartNote3Desc,"Part three recovered. The fourth went north with the mountain unit: through the pass beside Dune Point into the snow, then west to Frostport. They dug in outside the city."
kaijuPartNote4Desc,"Part four recovered. The last part, the Oxygen Core, is locked in the fortified military site outside Ashmouth: north through the pass beside Frostport into the wasteland, then east to the coast. It will be heavily guarded."
kaijuPartNote5Desc,"That is every part. Build the Oxygen Destroyer at a workbench (with 10 electrical parts and 20 forged steel), place it on the shore in front of Ashmouth where he comes out of the sea, and arm it before the last blood moon ends. If he comes within 100 m of it, he dies."
kaijuPartQuest_subtitle,"Oxygen Destroyer"
kaijuPartQuest_completion,"You got it. Keep it safe: it takes every part to stop him."
kaijuPartQuest1,"Oxygen Destroyer: The Detonator"
kaijuPartQuest1Desc,"Get the Detonator of the Oxygen Destroyer from the army post outside Cedar Harbor, then bring word back here. Be gone before the blood moon ends: he comes for Cedar Harbor at dawn."
kaijuPartQuest1Offer,"The soldiers out at the army post outside Cedar Harbor were guarding something they called the Oxygen Destroyer. They never came back. Get the Detonator out of there before Godzilla comes for Cedar Harbor."
kaijuPartQuest2,"Oxygen Destroyer: The Valve Assembly"
kaijuPartQuest2Desc,"Get the Valve Assembly of the Oxygen Destroyer from the army post outside Cinder Bay, then bring word back here. Be gone before the blood moon ends: he comes for Cinder Bay at dawn."
kaijuPartQuest2Offer,"The soldiers out at the army post outside Cinder Bay were guarding something they called the Oxygen Destroyer. They never came back. Get the Valve Assembly out of there before Godzilla comes for Cinder Bay."
kaijuPartQuest3,"Oxygen Destroyer: The Reaction Chamber"
kaijuPartQuest3Desc,"Get the Reaction Chamber of the Oxygen Destroyer from the army post outside Dune Point, then bring word back here. Be gone before the blood moon ends: he comes for Dune Point at dawn."
kaijuPartQuest3Offer,"The soldiers out at the army post outside Dune Point were guarding something they called the Oxygen Destroyer. They never came back. Get the Reaction Chamber out of there before Godzilla comes for Dune Point."
kaijuPartQuest4,"Oxygen Destroyer: The Trigger Spring"
kaijuPartQuest4Desc,"Get the Trigger Spring of the Oxygen Destroyer from the army position outside Frostport, then bring word back here. Be gone before the blood moon ends: he comes for Frostport at dawn."
kaijuPartQuest4Offer,"The soldiers out at the army position outside Frostport were guarding something they called the Oxygen Destroyer. They never came back. Get the Trigger Spring out of there before Godzilla comes for Frostport."
kaijuPartQuest5,"Oxygen Destroyer: The Oxygen Core"
kaijuPartQuest5Desc,"Get the Oxygen Core of the Oxygen Destroyer from the fortified military site outside Ashmouth, then bring word back here. Be gone before the blood moon ends: he comes for Ashmouth at dawn."
kaijuPartQuest5Offer,"The soldiers out at the fortified military site outside Ashmouth were guarding something they called the Oxygen Destroyer. They never came back. Get the Oxygen Core out of there before Godzilla comes for Ashmouth."
